Codon,AminoAcid,Letter,FullName,Type
AAA,Lys,K,Lysine,Basic
AAC,Asn,N,Asparagine,Polar
AAG,Lys,K,Lysine,Basic
AAU,Asn,N,Asparagine,Polar
ACA,Thr,T,Threonine,Polar
ACC,Thr,T,Threonine,Polar
ACG,Thr,T,Threonine,Polar
ACU,Thr,T,Threonine,Polar
AGA,Arg,R,Arginine,Basic
AGC,Ser,S,Serine,Polar
AGG,Arg,R,Arginine,Basic
AGU,Ser,S,Serine,Polar
AUA,Ile,I,Isoleucine,Nonpolar
AUC,Ile,I,Isoleucine,Nonpolar
AUG,Met,M,Methionine,Nonpolar
AUU,Ile,I,Isoleucine,Nonpolar
CAA,Gln,Q,Glutamine,Polar
CAC,His,H,Histidine,Basic
CAG,Gln,Q,Glutamine,Polar
CAU,His,H,Histidine,Basic
CCA,Pro,P,Proline,Nonpolar
CCC,Pro,P,Proline,Nonpolar
CCG,Pro,P,Proline,Nonpolar
CCU,Pro,P,Proline,Nonpolar
CGA,Arg,R,Arginine,Basic
CGC,Arg,R,Arginine,Basic
CGG,Arg,R,Arginine,Basic
CGU,Arg,R,Arginine,Basic
CUA,Leu,L,Leucine,Basic
CUC,Leu,L,Leucine,Nonpolar
CUG,Leu,L,Leucine,Nonpolar
CUU,Leu,L,Leucine,Nonpolar
GAA,Glu,E,Glutamic_acid,Acidic
GAC,Asp,D,Aspartic_acid,Acidic
GAG,Glu,E,Glutamic_acid,Acidic
GAU,Asp,D,Aspartic_acid,Acidic
GCA,Ala,A,Alanine,Nonpolar
GCC,Ala,A,Alanine,Nonpolar
GCG,Ala,A,Alanine,Nonpolar
GCU,Ala,A,Alanine,Nonpolar
GGA,Gly,G,Glycine,Nonpolar
GGC,Gly,G,Glycine,Nonpolar
GGG,Gly,G,Glycine,Nonpolar
GGU,Gly,G,Glycine,Nonpolar
GUA,Val,V,Valine,Nonpolar
GUC,Val,V,Valine,Nonpolar
GUG,Val,V,Valine,Nonpolar
GUU,Val,V,Valine,Nonpolar
UAA,Stp,O,Stop,Stop
UAC,Tyr,Y,Tyrosine,Polar
UAG,Stp,O,Stop,Stop
UAU,Tyr,Y,Tyrosine,Polar
UCA,Ser,S,Serine,Polar
UCC,Ser,S,Serine,Polar
UCG,Ser,S,Serine,Polar
UCU,Ser,S,Serine,Polar
UGA,Stp,O,Stop,Stop
UGC,Cys,C,Cysteine,Polar
UGG,Trp,W,Tryptophan,Nonpolar
UGU,Cys,C,Cysteine,Polar
UUA,Leu,L,Leucine,Nonpolar
UUC,Phe,F,Phenylalanine,Nonpolar
UUG,Leu,L,Leucine,Nonpolar
UUU,Phe,F,Phenylalanine,Nonpolar
